person_id,name,date_of_birth,address,role,hospital_id
1,Dr. Joshua Wright,1971-10-11,"291 Davis Drives Lake Sueside, MI 33513",Doctor,22
2,Dr. Ashley Hooper,1991-12-19,"34614 Trevino Camp Andrewside, VT 84933",Doctor,23
3,Dr. Michael Robinson,1968-09-24,"12118 Fields Skyway Suite 213 West Carolynport, RI 59587",Doctor,2
4,Dr. Brittany Zuniga,1970-09-11,"16577 Martinez Estate Jennifershire, IL 24006",Doctor,7
5,Dr. Lisa Gonzalez,1971-08-28,"555 Torres Loop Reynoldsstad, SD 73282",Doctor,30
6,Dr. Sarah Wolf,1978-08-29,"876 Roman Crossing Suite 290 East Connie, NH 60292",Doctor,6
7,Dr. Lisa Sheppard,1985-12-07,"1188 Thomas Orchard Davisburgh, HI 53529",Doctor,25
8,Dr. Tanner Reynolds,1967-04-21,"54768 Richard Forges Roachfurt, SD 28228",Doctor,1
9,Dr. Jerry Keller,1960-12-03,"4616 Rachel Streets Angelahaven, ID 86133",Doctor,20
10,Dr. Scott Hopkins,1971-01-31,"034 Jacob Cape Lake Coreyport, CT 03360",Doctor,21
11,Dr. Angela Key,1980-10-21,"043 Robinson Underpass Marcusmouth, SD 90074",Doctor,19
12,Dr. Corey Garcia,1964-10-15,"015 David Neck New Katieville, PA 22149",Doctor,19
13,Dr. Joseph Lee,1975-09-03,"55687 Stefanie Inlet Jordanburgh, OR 64023",Doctor,31
14,Dr. Blake Johnson,1968-04-11,"628 Matthew Fall Port Melissastad, MD 23280",Doctor,13
15,Dr. Michael Johnson,1984-04-09,"USS Watson FPO AA 82825",Doctor,20
16,Dr. Tiffany Gomez,1985-12-01,"2493 Melanie Squares Apt. 129 Masonfort, AR 28539",Doctor,18
17,Dr. Kimberly Wilson,1991-07-02,"73292 Adrian Mall Kevinmouth, WI 67991",Doctor,26
18,Dr. Kathryn Ray,1960-12-30,"568 Ricky Vista Apt. 449 Michaelville, NM 77958",Doctor,11
19,Dr. Taylor Sanchez,1969-02-16,"94380 Richard Isle Apt. 359 Lake Brittanyland, IA 45857",Doctor,6
20,Dr. Noah Miller,1968-08-18,"90569 Moore Expressway Apt. 529 South James, PA 55545",Doctor,3
21,Dr. Sandra Saunders,1982-02-10,"899 Kathleen Plaza Jamesmouth, IL 71611",Doctor,2
22,Dr. Zachary Ellis,1981-02-24,"999 Jill Pine Apt. 761 Janetside, MI 01766",Doctor,40
23,Dr. Barbara Valenzuela,1978-10-16,"384 House Knolls Suite 376 Ronaldborough, TN 68475",Doctor,27
24,Dr. Carl Jones,1990-09-18,"22790 Mendez Parks North Thomasville, CO 88707",Doctor,34
25,Dr. Kyle Peters,1963-08-01,"72116 Campbell Creek North Jerry, MI 58092",Doctor,36
26,Dr. Cynthia Hanson,1984-10-13,"88144 Burton Brooks Apt. 549 Christopherberg, ND 93870",Doctor,20
27,Dr. Mary Lopez,1983-03-21,"77074 Mcconnell Flats Suite 646 East Guyburgh, VA 82300",Doctor,40
28,Dr. Jacqueline Fox,1968-09-10,"335 Mary Lodge Jonesville, WA 75800",Doctor,6
29,Dr. Alvin Nelson,1966-11-02,"96916 Steven Burg Apt. 596 Tiffanyshire, AR 79273",Doctor,1
30,Dr. Lindsay Hamilton,1976-08-26,"265 Glen Rapid Lake Gordon, LA 49453",Doctor,26
31,Dr. Kimberly Weber,1990-04-01,"394 Short Parks Suite 905 Lake Janebury, NH 02937",Doctor,2
32,Dr. Taylor Bishop,1969-04-17,"9852 Kyle Camp Suite 299 Carolineport, OH 45618",Doctor,12
33,Dr. Mary Miller,1980-04-30,"2261 Rodriguez Lock Apt. 630 Lake Amberchester, NM 35074",Doctor,5
34,Dr. Katherine Rojas,1994-01-11,"53572 John Haven Richardsonville, OK 76709",Doctor,39
35,Dr. Jeff Turner,1985-11-06,"USCGC Parker FPO AP 45087",Doctor,24
36,Dr. Jennifer Peterson DVM,1974-04-01,"588 Rebecca Club Apt. 910 West Austin, NE 81657",Doctor,34
37,Dr. Brian Brown,1967-07-29,"52948 Amy Cape Suite 146 Fergusontown, ID 01774",Doctor,38
38,Dr. Mark Martin,1968-11-24,"29165 Nelson Turnpike West Christine, DE 83065",Doctor,21
39,Dr. Bradley Smith,1963-07-18,"7910 Cook Freeway Apt. 722 Mayotown, PA 82015",Doctor,15
40,Dr. Corey Espinoza,1962-04-23,"658 Danielle Square Alyssamouth, DC 87643",Doctor,24
41,Dr. Brooke Skinner,1968-08-25,"5044 Williams Island Ashleyton, IN 53838",Doctor,33
42,Dr. Nathaniel Meyer,1978-01-20,"852 Jeanette Overpass West Christinefurt, NY 34039",Doctor,40
43,Dr. Margaret Alexander,1970-12-10,"USNS Campbell FPO AA 52174",Doctor,37
44,Dr. Sharon Cohen,1984-05-14,"USCGC Rodriguez FPO AP 27853",Doctor,4
45,Dr. Calvin Howell,1983-01-27,"USS Martin FPO AP 72819",Doctor,23
46,Dr. Victoria Collins,1983-10-25,"735 Ethan Lodge Suite 240 Valdezborough, KY 30811",Doctor,26
47,Dr. Erica Holloway,1963-06-13,"0132 James Keys Suite 932 North Adrianaton, UT 64490",Doctor,23
48,Dr. Keith Stewart,1989-10-22,"USNS West FPO AE 02522",Doctor,35
49,Dr. Lauren Deleon,1960-03-07,"324 Neal Wells Apt. 964 Wangside, IA 51484",Doctor,29
50,Dr. Dwayne Sosa,1959-08-08,"9868 Michael Ranch Port Allison, WY 29936",Doctor,15
51,Dr. Jody Meadows,1986-05-20,"653 Dennis Terrace Suite 801 New Nicholas, GA 53396",Doctor,16
52,Dr. James Yang,1974-08-31,"2116 Ferguson Motorway Apt. 653 New Jamesberg, OH 18934",Doctor,29
53,Dr. Suzanne Hodges,1965-09-16,"870 Kaitlin Flat North Stephen, CT 47834",Doctor,30
54,Dr. Kayla Aguilar,1989-10-30,"510 Thompson Points Port Hannah, TX 50857",Doctor,25
55,Dr. John Simon,1969-02-11,"066 Ibarra Freeway Crystalside, ID 72530",Doctor,4
56,Dr. Tonya Fletcher DDS,1982-05-31,"001 Jamie Haven Apt. 830 Weberton, GA 88082",Doctor,3
57,Dr. Nicole Walsh,1977-08-10,"8971 Brown Island Suite 066 Sotofurt, AZ 13503",Doctor,10
58,Dr. Maria Shah,1987-03-16,"828 West Way Audreyshire, AL 00762",Doctor,13
59,Dr. Devin Cox,1971-01-28,"509 Andrea Lights Apt. 811 Sotoborough, NJ 24799",Doctor,25
60,Dr. Lori Osborne,1991-03-14,"PSC 0376, Box 2591 APO AP 15885",Doctor,27
61,Dr. Destiny Salinas,1964-03-22,"74425 Julie Plaza Apt. 882 Port Aaronshire, MN 21576",Doctor,17
62,Dr. Richard Martin,1991-03-10,"65275 Melton Road East Christian, MI 40647",Doctor,38
63,Dr. Jamie Brooks,1974-07-04,"4832 Underwood Parkway Apt. 208 Dianamouth, VA 44119",Doctor,33
64,Dr. Dana Brown,1990-06-15,"8810 Jones Unions Ericland, MT 26073",Doctor,28
65,Dr. Haley Long,1960-11-28,"985 Perez Rapids Suite 695 Port Barbaramouth, WA 90043",Doctor,23
66,Dr. Jennifer Day,1972-11-26,"USNV Hamilton FPO AP 31601",Doctor,13
67,Dr. Shirley Willis,1991-05-06,"9882 Williams Forge South Roberto, RI 33587",Doctor,30
68,Dr. Hannah Sullivan,1990-06-26,"6917 Weber Pike Apt. 349 Lake Colleenton, MD 94563",Doctor,5
69,Dr. Michael Horton,1962-10-22,"263 Stephen Stravenue Suite 460 North Eric, NH 26218",Doctor,10
70,Dr. Cody Mason,1974-02-05,"PSC 7491, Box 9858 APO AE 48980",Doctor,38
71,Dr. Kaitlyn Fowler,1969-01-02,"743 Nash Knoll Port Daniel, MO 71334",Doctor,3
72,Dr. Kimberly Sims,1992-05-12,"62631 Jones Forest North Mollyshire, DE 24897",Doctor,17
73,Dr. Regina Ryan,1978-02-21,"918 Ray Knoll Barbaraville, CO 85908",Doctor,11
74,Dr. William Walter,1963-12-27,"12637 Norris Mountain Apt. 038 Denisetown, TX 34198",Doctor,29
75,Dr. Jacob Hardy,1965-06-27,"93931 Crystal Cliff Apt. 289 North Cherylstad, AK 07452",Doctor,34
76,Dr. Ashley Chen,1980-12-03,"416 Scott Orchard Theodorehaven, AZ 82904",Doctor,29
77,Dr. Mackenzie Moore,1981-10-13,"8207 Lori Plains Hansenland, OR 06898",Doctor,28
78,Dr. Amy Crawford,1968-11-27,"3770 Joe Summit North Brianberg, OR 59267",Doctor,39
79,Dr. Ashley Woods,1984-09-12,"702 Stacey Harbor New Anthonymouth, MD 89762",Doctor,18
80,Dr. Edward Harrington,1973-08-10,"30102 Tammy Neck Apt. 708 Jenniferborough, KY 94249",Doctor,34
81,Dr. Melissa Moss,1968-10-14,"411 Stephen Cape Apt. 768 Lake Richardmouth, LA 39603",Doctor,17
82,Dr. Jonathan Aguirre,1975-09-28,"55852 Rebecca Place Apt. 469 Lorishire, OR 39345",Doctor,13
83,Dr. James Cross,1989-06-11,"4576 Thompson Rest Apt. 617 West Lisa, IN 33033",Doctor,7
84,Dr. Shawn Baker,1990-12-17,"1229 Jennifer Way Colemanborough, AZ 38949",Doctor,17
85,Dr. John Brown,1973-12-28,"USNS Hamilton FPO AA 52099",Doctor,26
86,Dr. Alison Adams,1991-07-08,"66687 Shannon Crescent Lake Abigailton, MN 14507",Doctor,34
87,Dr. Elizabeth Gonzalez,1962-07-18,"33913 Brennan Loop Suite 685 Port Danielletown, CT 63129",Doctor,13
88,Dr. Carly Moyer,1975-05-06,"3695 David Row Suite 891 New Valerieberg, DC 85401",Doctor,11
89,Dr. Kyle Mckenzie,1975-12-13,"PSC 4067, Box 4168 APO AE 78620",Doctor,19
90,Dr. Brandon Brooks,1976-04-27,"29343 Tate Passage West Brianchester, CT 51028",Doctor,29
91,Dr. Mark Craig,1968-09-22,"623 Mitchell Harbors Apt. 053 Matthewsstad, OK 91551",Doctor,34
92,Dr. Robin Shaw,1992-04-25,"6964 Reynolds Lakes Apt. 746 Lake Josephborough, IN 05933",Doctor,24
93,Dr. Rachel Clements,1994-02-12,"4335 Anderson Vista East Eric, LA 73792",Doctor,37
94,Dr. Charles Young,1985-02-15,"7918 Joel Motorway East Lisa, IL 40631",Doctor,31
95,Dr. Cindy Pugh,1989-08-23,"9327 Jennifer Centers Suite 291 West Mary, GA 68377",Doctor,7
96,Dr. Shaun Morrison,1980-04-06,"96138 Reid Lane Suite 380 South Kristyside, SD 49157",Doctor,23
97,Dr. Jordan Cruz,1981-01-30,"456 Sullivan Spur Kennethville, TX 17742",Doctor,20
98,Dr. Christian Lewis,1967-02-17,"164 Allen Station Apt. 389 Lake Jose, CO 24524",Doctor,1
99,Dr. Scott Reynolds,1969-08-21,"70926 Elizabeth Loop West Amanda, TN 46308",Doctor,11
100,Dr. Randy Navarro,1969-04-03,"08980 Doyle Falls Scottburgh, NJ 91258",Doctor,31
